Case,Samples_Per_Regime,Baseline,RMSE_Improvement_Mean,RMSE_Improvement_Std,RMSE_Improvement_Percent_Mean,R2_Improvement_Mean,Direction_Accuracy_Improvement_Mean
Strong,5000,Classical LASSO,0.436061,0.014214,26.497335,0.430056,0.17722
Strong,5000,Standard Bayesian LASSO,0.43582,0.013972,26.486614,0.429782,0.17678
Strong,10000,Classical LASSO,0.438237,0.009889,26.522983,0.430868,0.175
Strong,10000,Standard Bayesian LASSO,0.438374,0.009508,26.529201,0.431026,0.17694
Weak,5000,Classical LASSO,0.003586,0.002516,0.330146,0.004973,0.00154
Weak,5000,Standard Bayesian LASSO,0.00424,0.002877,0.389973,0.005881,0.00124
Weak,10000,Classical LASSO,0.003933,0.001604,0.361288,0.00544,0.00278
Weak,10000,Standard Bayesian LASSO,0.004222,0.001972,0.387738,0.005847,0.00156
