Regime,Volatility,Persistence,Instability,U_r
Recovery,0.01438,0.979448,0.020552,-1.773947
Bull,0.017901,0.945344,0.054656,0.763907
Bear,0.026598,0.960265,0.039735,0.379413
Crisis,0.050539,0.981818,0.018182,0.630628
